<?xml version="1.0" encoding="UTF-8"?>
<project name="ioc_04-01_equals_scope" default="all">
  
  
  <property file="ioc_04-01_equals_scope.properties"/>
  <!-- Uncomment the following property if no tests compilation is needed -->
  <!-- 
  <property name="skip.tests" value="true"/>
   -->
  
  <!-- Compiler options -->
  
  <property name="compiler.debug" value="on"/>
  <property name="compiler.generate.no.warnings" value="off"/>
  <property name="compiler.args" value=""/>
  <property name="compiler.max.memory" value="700m"/>
  <patternset id="ignored.files">
    <exclude name="**/*.hprof/**"/>
    <exclude name="**/*.pyc/**"/>
    <exclude name="**/*.pyo/**"/>
    <exclude name="**/*.rbc/**"/>
    <exclude name="**/*~/**"/>
    <exclude name="**/.DS_Store/**"/>
    <exclude name="**/.bundle/**"/>
    <exclude name="**/.git/**"/>
    <exclude name="**/.hg/**"/>
    <exclude name="**/.svn/**"/>
    <exclude name="**/CVS/**"/>
    <exclude name="**/RCS/**"/>
    <exclude name="**/SCCS/**"/>
    <exclude name="**/__pycache__/**"/>
    <exclude name="**/_svn/**"/>
    <exclude name="**/rcs/**"/>
    <exclude name="**/vssver.scc/**"/>
    <exclude name="**/vssver2.scc/**"/>
  </patternset>
  <patternset id="library.patterns">
    <include name="*.war"/>
    <include name="*.ear"/>
    <include name="*.apk"/>
    <include name="*.zip"/>
    <include name="*.swc"/>
    <include name="*.ane"/>
    <include name="*.egg"/>
    <include name="*.jar"/>
  </patternset>
  <patternset id="compiler.resources">
    <exclude name="**/?*.java"/>
    <exclude name="**/?*.form"/>
    <exclude name="**/?*.class"/>
    <exclude name="**/?*.groovy"/>
    <exclude name="**/?*.scala"/>
    <exclude name="**/?*.flex"/>
    <exclude name="**/?*.kt"/>
    <exclude name="**/?*.clj"/>
    <exclude name="**/?*.aj"/>
  </patternset>
  
  <!-- JDK definitions -->
  
  <property name="jdk.bin.1.8" value="${jdk.home.1.8}/bin"/>
  <path id="jdk.classpath.1.8">
    <fileset dir="${jdk.home.1.8}">
      <include name="jre/lib/charsets.jar"/>
      <include name="jre/lib/deploy.jar"/>
      <include name="jre/lib/javaws.jar"/>
      <include name="jre/lib/jce.jar"/>
      <include name="jre/lib/jfr.jar"/>
      <include name="jre/lib/jfxswt.jar"/>
      <include name="jre/lib/jsse.jar"/>
      <include name="jre/lib/management-agent.jar"/>
      <include name="jre/lib/plugin.jar"/>
      <include name="jre/lib/resources.jar"/>
      <include name="jre/lib/rt.jar"/>
      <include name="jre/lib/ext/access-bridge-64.jar"/>
      <include name="jre/lib/ext/cldrdata.jar"/>
      <include name="jre/lib/ext/dnsns.jar"/>
      <include name="jre/lib/ext/jaccess.jar"/>
      <include name="jre/lib/ext/jfxrt.jar"/>
      <include name="jre/lib/ext/localedata.jar"/>
      <include name="jre/lib/ext/nashorn.jar"/>
      <include name="jre/lib/ext/sunec.jar"/>
      <include name="jre/lib/ext/sunjce_provider.jar"/>
      <include name="jre/lib/ext/sunmscapi.jar"/>
      <include name="jre/lib/ext/sunpkcs11.jar"/>
      <include name="jre/lib/ext/zipfs.jar"/>
    </fileset>
  </path>
  
  <property name="project.jdk.home" value="${jdk.home.1.8}"/>
  <property name="project.jdk.bin" value="${jdk.bin.1.8}"/>
  <property name="project.jdk.classpath" value="jdk.classpath.1.8"/>
  
  
  <!-- Project Libraries -->
  
  <path id="library.aopalliance:aopalliance:1.0.classpath">
    <pathelement location="${basedir}/lib/aopalliance-1.0.jar"/>
  </path>
  
  <path id="library.commons-logging:commons-logging:1.1.3.classpath">
    <pathelement location="${basedir}/lib/commons-logging-1.1.3.jar"/>
  </path>
  
  <path id="library.log4j:log4j:1.2.17-atlassian-1.classpath">
    <pathelement location="${basedir}/lib/javaee-api-5.0-2.jar"/>
    <pathelement location="${basedir}/lib/log4j-1.2.17-atlassian-1.jar"/>
  </path>
  
  <path id="library.org.slf4j:slf4j-api:1.7.7.classpath">
    <pathelement location="${basedir}/lib/slf4j-api-1.7.7.jar"/>
  </path>
  
  <path id="library.org.slf4j:slf4j-log4j12:1.7.7.classpath">
    <pathelement location="${basedir}/lib/log4j-1.2.17.jar"/>
    <pathelement location="${basedir}/lib/slf4j-api-1.7.7.jar"/>
    <pathelement location="${basedir}/lib/slf4j-log4j12-1.7.7.jar"/>
  </path>
  
  <path id="library.org.springframework:spring-aop:4.1.1.release.classpath">
    <pathelement location="${basedir}/lib/aopalliance-1.0.jar"/>
    <pathelement location="${basedir}/lib/commons-logging-1.1.3.jar"/>
    <pathelement location="${basedir}/lib/spring-aop-4.1.1.RELEASE.jar"/>
    <pathelement location="${basedir}/lib/spring-beans-4.1.1.RELEASE.jar"/>
    <pathelement location="${basedir}/lib/spring-core-4.1.1.RELEASE.jar"/>
  </path>
  
  <path id="library.org.springframework:spring-beans:4.1.1.release.classpath">
    <pathelement location="${basedir}/lib/commons-logging-1.1.3.jar"/>
    <pathelement location="${basedir}/lib/spring-beans-4.1.1.RELEASE.jar"/>
    <pathelement location="${basedir}/lib/spring-core-4.1.1.RELEASE.jar"/>
  </path>
  
  <path id="library.org.springframework:spring-context-support:4.1.1.release.classpath">
    <pathelement location="${basedir}/lib/aopalliance-1.0.jar"/>
    <pathelement location="${basedir}/lib/commons-logging-1.1.3.jar"/>
    <pathelement location="${basedir}/lib/spring-aop-4.1.1.RELEASE.jar"/>
    <pathelement location="${basedir}/lib/spring-beans-4.1.1.RELEASE.jar"/>
    <pathelement location="${basedir}/lib/spring-context-4.1.1.RELEASE.jar"/>
    <pathelement location="${basedir}/lib/spring-context-support-4.1.1.RELEASE.jar"/>
    <pathelement location="${basedir}/lib/spring-core-4.1.1.RELEASE.jar"/>
    <pathelement location="${basedir}/lib/spring-expression-4.1.1.RELEASE.jar"/>
  </path>
  
  <path id="library.org.springframework:spring-core:4.1.1.release.classpath">
    <pathelement location="${basedir}/lib/commons-logging-1.1.3.jar"/>
    <pathelement location="${basedir}/lib/spring-core-4.1.1.RELEASE.jar"/>
  </path>
  
  <path id="library.org.springframework:spring-expression:4.1.1.release.classpath">
    <pathelement location="${basedir}/lib/commons-logging-1.1.3.jar"/>
    <pathelement location="${basedir}/lib/spring-core-4.1.1.RELEASE.jar"/>
    <pathelement location="${basedir}/lib/spring-expression-4.1.1.RELEASE.jar"/>
  </path>
  
  
  <!-- Application Server Libraries -->
  <!-- Register Custom Compiler Taskdefs -->
  <property name="javac2.home" value="${idea.home}/lib"/>
  <path id="javac2.classpath">
    <pathelement location="${javac2.home}/javac2.jar"/>
    <pathelement location="${javac2.home}/jdom.jar"/>
    <pathelement location="${javac2.home}/asm-all.jar"/>
    <pathelement location="${javac2.home}/jgoodies-forms.jar"/>
  </path>
  <target name="register.custom.compilers">
    <taskdef name="javac2" classname="com.intellij.ant.Javac2" classpathref="javac2.classpath"/>
    <taskdef name="instrumentIdeaExtensions" classname="com.intellij.ant.InstrumentIdeaExtensions" classpathref="javac2.classpath"/>
  </target>
  
  <!-- Modules -->
  
  <import file="${basedir}/module_ioc_04-01_equals_scope.xml"/>
  
  <target name="init" description="Build initialization">
    <!-- Perform any build initialization in this target -->
  </target>
  
  <target name="clean" depends="clean.module.ioc_04-01_equals_scope" description="cleanup all"/>
  
  <target name="build.modules" depends="init, clean, compile.module.ioc_04-01_equals_scope" description="build all modules"/>
  
  <target name="all" depends="build.modules" description="build all"/>
</project>