<?xml version="1.0" encoding="UTF-8"?>
<project name="module_ioc_04-01_equals_scope" default="compile.module.ioc_04-01_equals_scope">
  <dirname property="module.ioc_04-01_equals_scope.basedir" file="${ant.file.module_ioc_04-01_equals_scope}"/>
  
  <property name="module.jdk.home.ioc_04-01_equals_scope" value="${project.jdk.home}"/>
  <property name="module.jdk.bin.ioc_04-01_equals_scope" value="${project.jdk.bin}"/>
  <property name="module.jdk.classpath.ioc_04-01_equals_scope" value="${project.jdk.classpath}"/>
  
  <property name="compiler.args.ioc_04-01_equals_scope" value="-encoding windows-1251 -source 1.5 -target 1.5 ${compiler.args}"/>
  
  <property name="ioc_04-01_equals_scope.output.dir" value="${module.ioc_04-01_equals_scope.basedir}/target/classes"/>
  <property name="ioc_04-01_equals_scope.testoutput.dir" value="${module.ioc_04-01_equals_scope.basedir}/target/test-classes"/>
  
  <path id="ioc_04-01_equals_scope.module.bootclasspath">
    <!-- Paths to be included in compilation bootclasspath -->
  </path>
  
  <path id="ioc_04-01_equals_scope.module.production.classpath">
    <path refid="${module.jdk.classpath.ioc_04-01_equals_scope}"/>
    <path refid="library.log4j:log4j:1.2.17-atlassian-1.classpath"/>
    <path refid="library.org.springframework:spring-aop:4.1.1.release.classpath"/>
    <path refid="library.org.springframework:spring-beans:4.1.1.release.classpath"/>
    <path refid="library.org.slf4j:slf4j-api:1.7.7.classpath"/>
    <path refid="library.org.springframework:spring-context-support:4.1.1.release.classpath"/>
    <path refid="library.org.springframework:spring-core:4.1.1.release.classpath"/>
    <path refid="library.commons-logging:commons-logging:1.1.3.classpath"/>
    <path refid="library.org.springframework:spring-expression:4.1.1.release.classpath"/>
    <path refid="library.org.slf4j:slf4j-log4j12:1.7.7.classpath"/>
    <path refid="library.aopalliance:aopalliance:1.0.classpath"/>
  </path>
  
  <path id="ioc_04-01_equals_scope.runtime.production.module.classpath">
    <pathelement location="${ioc_04-01_equals_scope.output.dir}"/>
    <path refid="library.log4j:log4j:1.2.17-atlassian-1.classpath"/>
    <path refid="library.org.springframework:spring-aop:4.1.1.release.classpath"/>
    <path refid="library.org.springframework:spring-beans:4.1.1.release.classpath"/>
    <path refid="library.org.slf4j:slf4j-api:1.7.7.classpath"/>
    <path refid="library.org.springframework:spring-context-support:4.1.1.release.classpath"/>
    <path refid="library.org.springframework:spring-core:4.1.1.release.classpath"/>
    <path refid="library.commons-logging:commons-logging:1.1.3.classpath"/>
    <path refid="library.org.springframework:spring-expression:4.1.1.release.classpath"/>
    <path refid="library.org.slf4j:slf4j-log4j12:1.7.7.classpath"/>
    <path refid="library.aopalliance:aopalliance:1.0.classpath"/>
  </path>
  
  <path id="ioc_04-01_equals_scope.module.classpath">
    <path refid="${module.jdk.classpath.ioc_04-01_equals_scope}"/>
    <pathelement location="${ioc_04-01_equals_scope.output.dir}"/>
    <path refid="library.log4j:log4j:1.2.17-atlassian-1.classpath"/>
    <path refid="library.org.springframework:spring-aop:4.1.1.release.classpath"/>
    <path refid="library.org.springframework:spring-beans:4.1.1.release.classpath"/>
    <path refid="library.org.slf4j:slf4j-api:1.7.7.classpath"/>
    <path refid="library.org.springframework:spring-context-support:4.1.1.release.classpath"/>
    <path refid="library.org.springframework:spring-core:4.1.1.release.classpath"/>
    <path refid="library.commons-logging:commons-logging:1.1.3.classpath"/>
    <path refid="library.org.springframework:spring-expression:4.1.1.release.classpath"/>
    <path refid="library.org.slf4j:slf4j-log4j12:1.7.7.classpath"/>
    <path refid="library.aopalliance:aopalliance:1.0.classpath"/>
  </path>
  
  <path id="ioc_04-01_equals_scope.runtime.module.classpath">
    <pathelement location="${ioc_04-01_equals_scope.testoutput.dir}"/>
    <pathelement location="${ioc_04-01_equals_scope.output.dir}"/>
    <path refid="library.log4j:log4j:1.2.17-atlassian-1.classpath"/>
    <path refid="library.org.springframework:spring-aop:4.1.1.release.classpath"/>
    <path refid="library.org.springframework:spring-beans:4.1.1.release.classpath"/>
    <path refid="library.org.slf4j:slf4j-api:1.7.7.classpath"/>
    <path refid="library.org.springframework:spring-context-support:4.1.1.release.classpath"/>
    <path refid="library.org.springframework:spring-core:4.1.1.release.classpath"/>
    <path refid="library.commons-logging:commons-logging:1.1.3.classpath"/>
    <path refid="library.org.springframework:spring-expression:4.1.1.release.classpath"/>
    <path refid="library.org.slf4j:slf4j-log4j12:1.7.7.classpath"/>
    <path refid="library.aopalliance:aopalliance:1.0.classpath"/>
  </path>
  
  
  <patternset id="excluded.from.module.ioc_04-01_equals_scope">
    <patternset refid="ignored.files"/>
  </patternset>
  
  <patternset id="excluded.from.compilation.ioc_04-01_equals_scope">
    <patternset refid="excluded.from.module.ioc_04-01_equals_scope"/>
  </patternset>
  
  
  <target name="compile.module.ioc_04-01_equals_scope" depends="compile.module.ioc_04-01_equals_scope.production,compile.module.ioc_04-01_equals_scope.tests" description="Compile module IoC 04-01 equals Scope"/>
  
  <target name="compile.module.ioc_04-01_equals_scope.production" depends="register.custom.compilers" description="Compile module IoC 04-01 equals Scope; production classes"/>
  
  <target name="compile.module.ioc_04-01_equals_scope.tests" depends="register.custom.compilers,compile.module.ioc_04-01_equals_scope.production" description="compile module IoC 04-01 equals Scope; test classes" unless="skip.tests"/>
  
  <target name="clean.module.ioc_04-01_equals_scope" description="cleanup module">
    <delete dir="${ioc_04-01_equals_scope.output.dir}"/>
    <delete dir="${ioc_04-01_equals_scope.testoutput.dir}"/>
  </target>
</project>