<?xml version="1.0" encoding="UTF-8" ?>
<!DOCTYPE log4j:configuration SYSTEM "log4j.dtd">
<log4j:configuration xmlns:log4j="http://jakarta.apache.org/log4j/" debug="true">

    <appender name="fileAppender" class="org.apache.log4j.RollingFileAppender">
        <param name="maxFileSize" value="1KB"/>
        <param name="maxBackupIndex" value="2"/>
        <param name="file" value="logfile.log"/>
        <layout class="org.apache.log4j.PatternLayout">
            <param name="ConversionPattern" value="%d{HH:mm:ss} %-5p %c{1} - %m%n"/>
        </layout>
    </appender>

    <category name="ru.test">
        <priority value="trace"/>
        <appender-ref ref="fileAppender"/>
    </category>
</log4j:configuration>