<?xml version="1.0" encoding="UTF-8"?>
<beans
        xmlns:xsi="http://www.w3.org/2001/XMLSchema-instance"
        xmlns="http://www.springframework.org/schema/beans"
        xsi:schemaLocation="http://www.springframework.org/schema/beans
            http://www.springframework.org/schema/beans/spring-beans-3.0.xsd">


    <bean name="dataSource" class="org.springframework.jdbc.datasource.DriverManagerDataSource">
        <property name="driverClassName" value="org.postgresql.Driver"/>
        <property name="url" value="jdbc:postgresql://localhost:5432/lib"/>
        <property name="username" value="postgres"/>
        <property name="password" value="postgres"/>
    </bean>

    <bean name="jdbcTemplate" class="org.springframework.jdbc.core.JdbcTemplate">
        <property name="dataSource" ref="dataSource"/>
    </bean>
</beans>